Model,Accuracy
Base,94.76190476190476
Retrained,94.52380952380952
